userId,id,title
1,1,quidem molestiae enim
1,2,sunt qui excepturi placeat culpa
1,3,omnis laborum odio
1,4,tempora rem veritatis
1,5,accusantium dolorum accusamus
1,6,harum quidem rerum facilis
1,7,expedita omnis ullam
1,8,ipsa vero corrupti
1,9,qui quo id voluptatem
1,10,autem placeat eligendi
1,11,voluptas sed autem
1,12,doloremque voluptatem perspiciatis
2,1,asperiores ea ipsam
2,2,laudantium enim quasi
2,3,voluptatem odio dicta
2,4,eaque id nobis
2,5,temporibus soluta et
2,6,est neque modi
2,7,unde omnis voluptas
2,8,quasi id et eos
2,9,aut porro officiis laborum
2,10,vero maxime id
2,11,quisquam dolor explicabo
2,12,et eum provident
3,1,animi vero excepturi
3,2,sit exercitationem voluptatum
3,3,non nobis mollitia
3,4,debitis aperiam et
3,5,tempus quam pellentesque
3,6,culpa rerum tempore
3,7,est rem iste
3,8,suscipit recusandae consequuntur
3,9,quibusdam aut officia
3,10,fugit vel nulla
3,11,et laboriosam est
3,12,qui dolorem ipsum